ego,alter
Home,Adaptive Equilibrium Regulation
Home,Allostasis
Home,Animal Communication
Home,Are People More Creative Alone Or Together?
Home,Attitude Contagion
Home,Audience Design
Home,Audience Effect
Home,Bayes Optimal
Home,Centipede's Dilemma
Home,Centrality
Home,Chimpanzee Collaboration
Home,Collective Memory
Home,Communal Sharing
Home,Communication Accommodation Theory
Home,Communicative Misalignment In Asd
Home,Components Of A Social Homeostatic System
Home,Core Intrinsic Networks
Home,Coupled Infant-caregiver Interactions
Home,Coupled Oscillators
Home,Critical Distance Model
Home,Deceptive Signals
Home,Dunbar's Number
Home,Dyadic And Triadic Coordination
Home,Dynamic Aspects Of Language
Home,Evolution Of Vocal Signals
Home,Gossip
Home,Help Page
Home,Homeostasis
Home,Innateness Of Human Sociality
Home,Interpersonal Expectancy Effect
Home,Interpersonal Synergy
Home,Interpersonal Vs Intrapersonal Synchrony
Home,Loneliness
Home,Mimicry
Home,Multimodal Coordination
Home,Non-linear Dynamical Systems Theory
Home,Prior Probability Distribution
Home,Reciprocity
Home,Reduced Vs Prominent Acoustic Variation
Home,Referential And Affective Communication
Home,Referential Specificity Of Vocal Signals
Home,Self-focus
Home,Self-organization
Home,Sensorimotor Experience
Home,Shared Effort Model
Home,Shared-goal Effect
Home,Social Baseline Theory
Home,Social Creatures
Home,Social Functional Account Of Laughter
Home,Society
Home,Surrogate And Simulation Information
Home,Symbolic Aspects Of Language
Home,Synchrony
Home,Synergy
Home,The General Optimization Principle
Home,The Specificity Of Call Production
Home,Timescales Of Remembering
Coupled Infant-caregiver Interactions,Allostasis
Adaptive Equilibrium Regulation,Allostasis
Social Creatures,Allostasis
Synchrony,Allostasis
Coupled Oscillators,Allostasis
Allostasis,Homeostasis
Synchrony,Synchrony
Adaptive Equilibrium Regulation,Homeostasis
Social Creatures,Homeostasis
Innateness Of Human Sociality,Homeostasis
Self-organization,Homeostasis
Interpersonal Vs Intrapersonal Synchrony,Homeostasis
Core Intrinsic Networks,The Default Mode Network
Core Intrinsic Networks,The Salience Network
Components Of A Social Homeostatic System,Loneliness
Coupled Infant-caregiver Interactions,Synchrony
The General Optimization Principle,Synchrony
Communicative Misalignment In Asd,Synchrony
Sensorimotor Experience,Synchrony
Social Creatures,Synchrony
Self-organization,Synchrony
Allostasis,Synchrony
Interpersonal Vs Intrapersonal Synchrony,Synchrony
Timescales Of Remembering,Synchrony
Synchrony,Mimicry
Synchrony,Self-organization
Social Functional Account Of Laughter,Social Creatures
Interpersonal Expectancy Effect,Social Creatures
Dynamic Aspects Of Language,Evolution Of Vocal Signals
Evolution Of Vocal Signals,Audience Effect
Deceptive Signals,Audience Effect
Communication Accommodation Theory,Audience Effect
Reduced Vs Prominent Acoustic Variation,Audience Effect
Audience Design,Audience Effect
Audience Effect,Referential And Affective Communication
The Specificity Of Call Production,Referential Specificity Of Vocal Signals
Referential And Affective Communication,Referential Specificity Of Vocal Signals
Referential Specificity of Vocal Signals,Referential And Affective Communication
The Specificity Of Call Production,Referential And Affective Communication
Chimpanzee Collaboration,Referential And Affective Communication
Animal Communication,Referential And Affective Communication
Animal Communication,Chimpanzee Collaboration
Coupled Infant-caregiver Interactions,Audience Design
Communication Accommodation Theory,Audience Design
Reduced Vs Prominent Acoustic Variation,Audience Design
Dynamic Aspects Of Language,Symbolic Aspects Of Language
Symbolic Aspects of Language,Dynamic Aspects Of Language
Communicative Misalignment In Asd,Adaptive Equilibrium Regulation
Multimodal Coordination,Self-organization
Self-organization,Multimodal Coordination
Multimodal Coordination,Centipede's Dilemma
Attitude Contagion,Interpersonal Expectancy Effect
Trade Off Hypothesis,Sensorimotor Experience
Mimicry,Sensorimotor Experience
The General Optimization Principle,Interpersonal Vs Intrapersonal Synchrony
Interpersonal Vs Intrapersonal Synchrony,Trade Off Hypothesis
Trade Off Hypothesis,Coupled Infant-caregiver Interactions
Shared Effort Model,Critical Distance Model
Centrality,Social Baseline Theory
Timescales Of Remembering,Social Baseline Theory
Communal Sharing,Gossip
Timescales Of Remembering,Collective Memory
Interpersonal Synergy,Non-linear Dynamical Systems Theory
Dyadic And Triadic Coordination,Non-linear Dynamical Systems Theory
Non-linear Dynamical Systems Theory,Interpersonal Synergy
Shared-goal Effect,Social Tuning